{
  "type": "minecraft:crafting_shaped",
  "category": "redstone",
  "pattern": [
    "igi",
    "CrC"
  ],
  "key": {
    "i": "minecraft:iron_ingot",
    "g": "minecraft:glass_pane",
    "C": "minecraft:copper_ingot",
    "r": "minecraft:repeater"
  },
  "result": {
    "id": "minecraft:armor_stand",
    "components": {
      "minecraft:item_model": "minecraft:command_block",
      "minecraft:item_name": "\"PC\"",
      "minecraft:entity_data": {
        "id": "minecraft:armor_stand",
        "NoGravity": true,
        "Invulnerable": true,
        "Tags": [
          "pc"
        ],
        "Invisible": true,
        "Marker": true,
        "Small": true,
        "DisabledSlots": 4144959
      },
      "minecraft:lore": [
        "\"設置すると様々なアイテムを買える\""
      ],
      "minecraft:enchantment_glint_override": true
    }
  }
}